joe.blow@golang.org, Joe Blow
jane.doe@golang.org, Jane Doe
bob.builder@golang.org, Bob The Builder
joe.blow@golang.org, Joe Blow
jane.doe@golang.org, Jane Doe
bob.builder@golang.org, Bob The Builder
joe.blow@golang.org, Joe Blow
jane.doe@golang.org, Jane Doe
bob.builder@golang.org, Bob The Builder
joe.blow@golang.org, Joe Blow
jane.doe@golang.org, Jane Doe
bob.builder@golang.org, Bob The Builder
joe.blow@golang.org, Joe Blow
jane.doe@golang.org, Jane Doe
bob.builder@golang.org, Bob The Builder
joe.blow@golang.org, Joe Blow
jane.doe@golang.org, Jane Doe
bob.builder@golang.org, Bob The Builder
joe.blow@golang.org, Joe Blow
jane.doe@golang.org, Jane Doe
bob.builder@golang.org, Bob The Builder
joe.blow@golang.org, Joe Blow
jane.doe@golang.org, Jane Doe
bob.builder@golang.org, Bob The Builder
joe.blow@golang.org, Joe Blow
jane.doe@golang.org, Jane Doe
bob.builder@golang.org, Bob The Builder
joe.blow@golang.org, Joe Blow
jane.doe@golang.org, Jane Doe
bob.builder@golang.org, Bob The Builder
joe.blow@golang.org, Joe Blow
jane.doe@golang.org, Jane Doe
bob.builder@golang.org, Bob The Builder
joe.blow@golang.org, Joe Blow
jane.doe@golang.org, Jane Doe
bob.builder@golang.org, Bob The Builder
joe.blow@golang.org, Joe Blow
jane.doe@golang.org, Jane Doe
bob.builder@golang.org, Bob The Builder
joe.blow@golang.org, Joe Blow
jane.doe@golang.org, Jane Doe
bob.builder@golang.org, Bob The Builder
joe.blow@golang.org, Joe Blow
jane.doe@golang.org, Jane Doe
bob.builder@golang.org, Bob The Builder
joe.blow@golang.org, Joe Blow
jane.doe@golang.org, Jane Doe
bob.builder@golang.org, Bob The Builder
joe.blow@golang.org, Joe Blow
jane.doe@golang.org, Jane Doe
bob.builder@golang.org, Bob The Builder
joe.blow@golang.org, Joe Blow
jane.doe@golang.org, Jane Doe
bob.builder@golang.org, Bob The Builder
joe.blow@golang.org, Joe Blow
jane.doe@golang.org, Jane Doe
bob.builder@golang.org, Bob The Builder
joe.blow@golang.org, Joe Blow
jane.doe@golang.org, Jane Doe
bob.builder@golang.org, Bob The Builder
joe.blow@golang.org, Joe Blow
jane.doe@golang.org, Jane Doe
bob.builder@golang.org, Bob The Builder
joe.blow@golang.org, Joe Blow
jane.doe@golang.org, Jane Doe
bob.builder@golang.org, Bob The Builder
joe.blow@golang.org, Joe Blow
jane.doe@golang.org, Jane Doe
bob.builder@golang.org, Bob The Builder
joe.blow@golang.org, Joe Blow
jane.doe@golang.org, Jane Doe
bob.builder@golang.org, Bob The Builder
joe.blow@golang.org, Joe Blow
jane.doe@golang.org, Jane Doe
bob.builder@golang.org, Bob The Builder
joe.blow@golang.org, Joe Blow
jane.doe@golang.org, Jane Doe
bob.builder@golang.org, Bob The Builder
joe.blow@golang.org, Joe Blow
jane.doe@golang.org, Jane Doe
bob.builder@golang.org, Bob The Builder
joe.blow@golang.org, Joe Blow
jane.doe@golang.org, Jane Doe
bob.builder@golang.org, Bob The Builder
joe.blow@golang.org, Joe Blow
jane.doe@golang.org, Jane Doe
bob.builder@golang.org, Bob The Builder
joe.blow@golang.org, Joe Blow
jane.doe@golang.org, Jane Doe
bob.builder@golang.org, Bob The Builder
joe.blow@golang.org, Joe Blow
jane.doe@golang.org, Jane Doe
bob.builder@golang.org, Bob The Builder
joe.blow@golang.org, Joe Blow
jane.doe@golang.org, Jane Doe
bob.builder@golang.org, Bob The Builder
joe.blow@golang.org, Joe Blow
jane.doe@golang.org, Jane Doe
bob.builder@golang.org, Bob The Builder
joe.blow@golang.org, Joe Blow
